1001,0x1,page,A
1001,0x1,timestamp,1379544662
1001,0x1,page,B
1001,0x1,timestamp,1379544670
1001,0x1,page,D
1001,0x1,timestamp,1379544675
1001,0x2,page,A
1001,0x2,timestamp,1379544680
1001,0x2,page,C
1001,0x2,timestamp,1379544720
1001,0x2,page,D
1001,0x2,timestamp,1379544800
1002,0x3,page,A
1002,0x3,timestamp,1379546662
1002,0x3,page,B
1002,0x3,timestamp,1379546670
1002,0x3,page,D
1002,0x3,timestamp,1379546675
1002,0x3,page,A
1002,0x3,timestamp,1379546680
1002,0x3,page,C
1002,0x3,timestamp,1379546720
1002,0x3,page,D
1002,0x3,timestamp,1379546800